region;city
Адыгея;Адыгейск
Адыгея;Майкоп
Адыгея;Адыгейск
Адыгея;Майкоп
Башкортостан;Белорецк
Башкортостан;Стерлитамак
Башкортостан;Давлеканово
Башкортостан;Ишимбай
Башкортостан;Бирск
Башкортостан;Благовещенск
Башкортостан;Белебей
Башкортостан;Кумертау
Башкортостан;Октябрьский
Башкортостан;Сибай
Башкортостан;Агидель
Башкортостан;Уфа
Башкортостан;Дюртюли
Башкортостан;Янаул
Башкортостан;Туймазы
Башкортостан;Нефтекамск
Башкортостан;Баймак
Башкортостан;Салават
Башкортостан;Учалы
Башкортостан;Межгорье
Башкортостан;Мелеуз
Бурятия;Улан-Удэ
Бурятия;Северобайкальск
Бурятия;Закаменск
Бурятия;Кяхта
Бурятия;Гусиноозерск
Бурятия;Бабушкин
Алтай;Горно-Алтайск
Дагестан;Кизляр
Дагестан;Дербент
Дагестан;Кизилюрт
Дагестан;Махачкала
Дагестан;Хасавюрт
Дагестан;Дагестанские Огни
Дагестан;Буйнакск
Дагестан;Избербаш
Дагестан;Южно-Сухокумск
Дагестан;Каспийск
Ингушетия;Сунжа
Ингушетия;Карабулак
Ингушетия;Малгобек
Ингушетия;Назрань
Ингушетия;Магас
Кабардино-Балкария;Чегем
Кабардино-Балкария;Майский
Кабардино-Балкария;Тырныауз
Кабардино-Балкария;Нарткала
Кабардино-Балкария;Терек
Кабардино-Балкария;Баксан
Кабардино-Балкария;Прохладный
Кабардино-Балкария;Нальчик
Калмыкия;Лагань
Калмыкия;Городовиковск
Калмыкия;Элиста
Карачаево-Черкессия;Усть-Джегута
Карачаево-Черкессия;Теберда
Карачаево-Черкессия;Карачаевск
Карачаево-Черкессия;Черкесск
Карелия;Костомукша
Карелия;Петрозаводск
Карелия;Сортавала
Карелия;Кемь
Карелия;Медвежьегорск
Карелия;Беломорск
Карелия;Питкяранта
Карелия;Кондопога
Карелия;Олонец
Карелия;Суоярви
Карелия;Сегежа
Карелия;Пудож
Карелия;Лахденпохья
Коми;Воркута
Коми;Сосногорск
Коми;Ухта
Коми;Инта
Коми;Вуктыл
Коми;Сыктывкар
Коми;Печора
Коми;Усинск
Коми;Емва
Коми;Микунь
Марий Эл;Йошкар-Ола
Марий Эл;Козьмодемьянск
Марий Эл;Волжск
Марий Эл;Звенигово
Мордовия;Саранск
Мордовия;Ковылкино
Мордовия;Рузаевка
Мордовия;Ардатов
Мордовия;Инсар
Мордовия;Темников
Мордовия;Краснослободск
Саха (Якутия);Олекминск
Саха (Якутия);Томмот
Саха (Якутия);Мирный
Саха (Якутия);Нерюнгри
Саха (Якутия);Якутск
Саха (Якутия);Алдан
Саха (Якутия);Вилюйск
Саха (Якутия);Ленск
Саха (Якутия);Нюрба
Саха (Якутия);Удачный
Саха (Якутия);Среднеколымск
Саха (Якутия);Покровск
Саха (Якутия);Верхоянск
Северная Осетия;Моздок
Северная Осетия;Дигора
Северная Осетия;Беслан
Северная Осетия;Ардон
Северная Осетия;Алагир
Северная Осетия;Владикавказ
Татарстан;Набережные Челны
Татарстан;Казань
Татарстан;Азнакаево
Татарстан;Агрыз
Татарстан;Альметьевск
Татарстан;Арск
Татарстан;Бавлы
Татарстан;Бугульма
Татарстан;Буинск
Татарстан;Иннополис
Татарстан;Елабуга
Татарстан;Зеленодольск
Татарстан;Кукмор
Татарстан;Лениногорск
Татарстан;Мензелинск
Татарстан;Менделеевск
Татарстан;Нижнекамск
Татарстан;Мамадыш
Татарстан;Нурлат
Татарстан;Болгар
Татарстан;Тетюши
Татарстан;Чистополь
Татарстан;Заинск
Татарстан;Лаишево
Тыва;Шагонар
Тыва;Туран
Тыва;Чадан
Тыва;Кызыл
Тыва;Ак-Довурак
Удмуртия;Ижевск
Удмуртия;Сарапул
Удмуртия;Глазов
Удмуртия;Воткинск
Удмуртия;Можга
Удмуртия;Камбарка
Хакасия;Саяногорск
Хакасия;Абаза
Хакасия;Черногорск
Хакасия;Абакан
Хакасия;Сорск
Чечня;Аргун
Чечня;Грозный
Чечня;Урус-Мартан
Чечня;Шали
Чечня;Курчалой
Чечня;Гудермес
Чувашия;Канаш
Чувашия;Алатырь
Чувашия;Шумерля
Чувашия;Чебоксары
Чувашия;Новочебоксарск
Чувашия;Козловка
Чувашия;Мариинский Посад
Чувашия;Цивильск
Чувашия;Ядрин
Алтайский край;Барнаул
Алтайский край;Яровое
Алтайский край;Новоалтайск
Алтайский край;Змеиногорск
Алтайский край;Алейск
Алтайский край;Рубцовск
Алтайский край;Бийск
Алтайский край;Камень-на-Оби
Алтайский край;Белокуриха
Алтайский край;Славгород
Алтайский край;Заринск
Алтайский край;Горняк
Краснодарский край;Сочи
Краснодарский край;Краснодар
Краснодарский край;Горячий Ключ
Краснодарский край;Геленджик
Краснодарский край;Армавир
Краснодарский край;Новороссийск
Краснодарский край;Абинск
Краснодарский край;Апшеронск
Краснодарский край;Хадыженск
Краснодарский край;Анапа
Краснодарский край;Белореченск
Краснодарский край;Гулькевичи
Краснодарский край;Кореновск
Краснодарский край;Лабинск
Краснодарский край;Курганинск
Краснодарский край;Крымск
Краснодарский край;Новокубанск
Краснодарский край;Приморско-Ахтарск
Краснодарский край;Темрюк
Краснодарский край;Славянск-на-Кубани
Краснодарский край;Тимашевск
Краснодарский край;Туапсе
Краснодарский край;Тихорецк
Краснодарский край;Усть-Лабинск
Краснодарский край;Кропоткин
Краснодарский край;Ейск
Красноярский край;Ачинск
Красноярский край;Железногорск
Красноярский край;Дивногорск
Красноярский край;Заозерный
Красноярский край;Норильск
Красноярский край;Игарка
Красноярский край;Назарово
Красноярский край;Бородино
Красноярский край;Сосновоборск
Красноярский край;Боготол
Красноярский край;Шарыпово
Красноярский край;Лесосибирск
Красноярский край;Енисейск
Красноярский край;Канск
Красноярский край;Зеленогорск
Красноярский край;Минусинск
Красноярский край;Красноярск
Красноярский край;Иланский
Красноярский край;Кодинск
Красноярский край;Артемовск
Красноярский край;Уяр
Красноярский край;Ужур
Красноярский край;Дудинка
Приморский край;Дальнегорск
Приморский край;Арсеньев
Приморский край;Спасск-Дальний
Приморский край;Дальнереченск
Приморский край;Артем
Приморский край;Уссурийск
Приморский край;Партизанск
Приморский край;Фокино
Приморский край;Лесозаводск
Приморский край;Большой Камень
Приморский край;Владивосток
Приморский край;Находка
Ставропольский край;Зеленокумск
Ставропольский край;Кисловодск
Ставропольский край;Ставрополь
Ставропольский край;Георгиевск
Ставропольский край;Невинномысск
Ставропольский край;Пятигорск
Ставропольский край;Минеральные Воды
Ставропольский край;Лермонтов
Ставропольский край;Ессентуки
Ставропольский край;Железноводск
Ставропольский край;Благодарный
Ставропольский край;Буденновск
Ставропольский край;Новопавловск
Ставропольский край;Ипатово
Ставропольский край;Изобильный
Ставропольский край;Нефтекумск
Ставропольский край;Светлоград
Ставропольский край;Новоалександровск
Ставропольский край;Михайловск
Хабаровский край;Хабаровск
Хабаровский край;Бикин
Хабаровский край;Вяземский
Хабаровский край;Николаевск-на-Амуре
Хабаровский край;Амурск
Хабаровский край;Советская Гавань
Хабаровский край;Комсомольск-на-Амуре
Амурская область;Райчихинск
Амурская область;Белогорск
Амурская область;Завитинск
Амурская область;Благовещенск
Амурская область;Сковородино
Амурская область;Циолковский
Амурская область;Зея
Амурская область;Свободный
Амурская область;Шимановск
Амурская область;Тында
Архангельская область;Архангельск
Архангельская область;Новодвинск
Архангельская область;Северодвинск
Архангельская область;Мирный
Архангельская область;Коряжма
Архангельская область;Вельск
Архангельская область;Каргополь
Архангельская область;Котлас
Архангельская область;Сольвычегодск
Архангельская область;Няндома
Архангельская область;Онега
Архангельская область;Мезень
Архангельская область;Шенкурск
Астраханская область;Знаменск
Астраханская область;Астрахань
Астраханская область;Ахтубинск
Астраханская область;Ахтубинск-7
Астраханская область;Камызяк
Астраханская область;Харабали
Астраханская область;Нариманов
Белгородская область;Алексеевка
Белгородская область;Белгород
Белгородская область;Старый Оскол
Белгородская область;Шебекино
Белгородская область;Губкин
Белгородская область;Грайворон
Белгородская область;Валуйки
Белгородская область;Новый Оскол
Белгородская область;Бирюч
Белгородская область;Строитель
Белгородская область;Короча
Брянская область;Сельцо
Брянская область;Брянск
Брянская область;Новозыбков
Брянская область;Клинцы
Брянская область;Фокино
Брянская область;Стародуб
Брянская область;Жуковка
Брянская область;Злынка
Брянская область;Карачев
Брянская область;Почеп
Брянская область;Мглин
Брянская область;Унеча
Брянская область;Севск
Брянская область;Трубчевск
Брянская область;Сураж
Брянская область;Дятьково
Владимирская область;Лакинск
Владимирская область;Гусь-Хрустальный
Владимирская область;Радужный
Владимирская область;Муром
Владимирская область;Ковров
Владимирская область;Владимир
Владимирская область;Собинка
Владимирская область;Юрьев-Польский
Владимирская область;Судогда
Владимирская область;Александров
Владимирская область;Струнино
Владимирская область;Карабаново
Владимирская область;Курлово
Владимирская область;Вязники
Владимирская область;Камешково
Владимирская область;Гороховец
Владимирская область;Киржач
Владимирская область;Меленки
Владимирская область;Костерево
Владимирская область;Петушки
Владимирская область;Покров
Владимирская область;Кольчугино
Владимирская область;Суздаль
Волгоградская область;Михайловка
Волгоградская область;Волжский
Волгоградская область;Урюпинск
Волгоградская область;Волгоград
Волгоградская область;Фролово
Волгоградская область;Камышин
Волгоградская область;Жирновск
Волгоградская область;Дубовка
Волгоградская область;Калач-на-Дону
Волгоградская область;Петров Вал
Волгоградская область;Котово
Волгоградская область;Котельниково
Волгоградская область;Ленинск
Волгоградская область;Новоаннинский
Волгоградская область;Николаевск
Волгоградская область;Палласовка
Волгоградская область;Краснослободск
Волгоградская область;Серафимович
Волгоградская область;Суровикино
Вологодская область;Белозерск
Вологодская область;Бабаево
Вологодская область;Кириллов
Вологодская область;Сокол
Вологодская область;Вологда
Вологодская область;Череповец
Вологодская область;Вытегра
Вологодская область;Великий Устюг
Вологодская область;Красавино
Вологодская область;Грязовец
Вологодская область;Тотьма
Вологодская область;Кадников
Вологодская область;Никольск
Вологодская область;Устюжна
Вологодская область;Харовск
Воронежская область;Воронеж
Воронежская область;Воронеж-45
Воронежская область;Нововоронеж
Воронежская область;Бутурлиновка
Воронежская область;Борисоглебск
Воронежская область;Богучар
Воронежская область;Бобров
Воронежская область;Новохоперск
Воронежская область;Острогожск
Воронежская область;Павловск
Воронежская область;Поворино
Воронежская область;Россошь
Воронежская область;Семилуки
Воронежская область;Эртиль
Воронежская область;Калач
Воронежская область;Лиски
Ивановская область;Кохма
Ивановская область;Иваново
Ивановская область;Кинешма
Ивановская область;Вичуга
Ивановская область;Комсомольск
Ивановская область;Наволоки
Ивановская область;Гаврилов Посад
Ивановская область;Заволжск
Ивановская область;Родники
Ивановская область;Тейково
Ивановская область;Пучеж
Ивановская область;Южа
Ивановская область;Плес
Ивановская область;Приволжск
Ивановская область;Фурманов
Ивановская область;Юрьевец
Ивановская область;Шуя
Иркутская область;Вихоревка
Иркутская область;Усолье-Сибирское
Иркутская область;Братск
Иркутская область;Ангарск
Иркутская область;Тайшет
Иркутская область;Иркутск
Иркутская область;Черемхово
Иркутская область;Бодайбо
Иркутская область;Усть-Кут
Иркутская область;Свирск
Иркутская область;Шелехов
Иркутская область;Саянск
Иркутская область;Зима
Иркутская область;Тулун
Иркутская область;Нижнеудинск
Иркутская область;Усть-Илимск
Иркутская область;Иркутск-45
Иркутская область;Байкальск
Иркутская область;Слюдянка
Иркутская область;Бирюсинск
Иркутская область;Железногорск-Илимский
Иркутская область;Алзамай
Иркутская область;Киренск
Калининградская область;Пионерский
Калининградская область;Мамоново
Калининградская область;Калининград
Калининградская область;Советск
Калининградская область;Светлогорск
Калининградская область;Ладушкин
Калининградская область;Светлый
Калининградская область;Балтийск
Калининградская область;Гвардейск
Калининградская область;Багратионовск
Калининградская область;Гурьевск
Калининградская область;Гусев
Калининградская область;Краснознаменск
Калининградская область;Неман
Калининградская область;Полесск
Калининградская область;Зеленоградск
Калининградская область;Нестеров
Калининградская область;Правдинск
Калининградская область;Черняховск
Калининградская область;Озерск
Калининградская область;Славск
Калининградская область;Приморск
Калужская область;Калуга
Калужская область;Обнинск
Калужская область;Киров
Калужская область;Балабаново
Калужская область;Ермолино
Калужская область;Кондрово
Калужская область;Жиздра
Калужская область;Мещовск
Калужская область;Сосенский
Калужская область;Козельск
Калужская область;Людиново
Калужская область;Спас-Деменск
Калужская область;Сухиничи
Калужская область;Боровск
Калужская область;Кременки
Калужская область;Жуков
Калужская область;Белоусово
Калужская область;Таруса
Калужская область;Мосальск
Калужская область;Малоярославец
Калужская область;Медынь
Калужская область;Юхнов
Калужская область;Юхнов-1
Калужская область;Боровск-1
Камчатский край;Елизово
Камчатский край;Вилючинск
Камчатский край;Петропавловск-Камчатский
Кемеровская область;Кемерово
Кемеровская область;Полысаево
Кемеровская область;Белово
Кемеровская область;Междуреченск
Кемеровская область;Ленинск-Кузнецкий
Кемеровская область;Тайга
Кемеровская область;Новокузнецк
Кемеровская область;Осинники
Кемеровская область;Березовский
Кемеровская область;Калтан
Кемеровская область;Юрга
Кемеровская область;Прокопьевск
Кемеровская область;Мыски
Кемеровская область;Анжеро-Судженск
Кемеровская область;Киселевск
Кемеровская область;Топки
Кемеровская область;Гурьевск
Кемеровская область;Мариинск
Кемеровская область;Салаир
Кемеровская область;Таштагол
Кировская область;Киров
Кировская область;Белая Холуница
Кировская область;Кирово-Чепецк
Кировская область;Кирс
Кировская область;Сосновка
Кировская область;Вятские Поляны
Кировская область;Зуевка
Кировская область;Котельнич
Кировская область;Мураши
Кировская область;Малмыж
Кировская область;Луза
Кировская область;Омутнинск
Кировская область;Нолинск
Кировская область;Советск
Кировская область;Слободской
Кировская область;Орлов
Кировская область;Уржум
Кировская область;Яранск
Костромская область;Кострома
Костромская область;Мантурово
Костромская область;Солигалич
Костромская область;Нерехта
Костромская область;Макарьев
Костромская область;Нея
Костромская область;Галич
Костромская область;Буй
Костромская область;Чухлома
Костромская область;Шарья
Костромская область;Волгореченск
Костромская область;Кологрив
Курганская область;Шадринск
Курганская область;Катайск
Курганская область;Курган
Курганская область;Далматово
Курганская область;Петухово
Курганская область;Макушино
Курганская область;Щучье
Курганская область;Куртамыш
Курганская область;Шумиха
Курская область;Курск
Курская область;Железногорск
Курская область;Курчатов
Курская область;Льгов
Курская область;Щигры
Курская область;Дмитриев
Курская область;Обоянь
Курская область;Суджа
Курская область;Рыльск
Курская область;Фатеж
Ленинградская область;Кингисепп
Ленинградская область;Ивангород
Ленинградская область;Светогорск
Ленинградская область;Кудрово
Ленинградская область;Луга
Ленинградская область;Бокситогорск
Ленинградская область;Сосновый Бор
Ленинградская область;Сертолово
Ленинградская область;Сертолово
Ленинградская область;Волосово
Ленинградская область;Всеволожск
Ленинградская область;Кириши
Ленинградская область;Выборг
Ленинградская область;Гатчина
Ленинградская область;Коммунар
Ленинградская область;Лодейное Поле
Ленинградская область;Приозерск
Ленинградская область;Новая Ладога
Ленинградская область;Мурино
Ленинградская область;Сясьстрой
Ленинградская область;Подпорожье
Ленинградская область;Тихвин
Ленинградская область;Волхов
Ленинградская область;Пикалево
Ленинградская область;Высоцк
Ленинградская область;Приморск
Ленинградская область;Каменногорск
Ленинградская область;Тосно
Ленинградская область;Шлиссельбург
Ленинградская область;Отрадное
Ленинградская область;Никольское
Ленинградская область;Кировск
Ленинградская область;Любань
Ленинградская область;Сланцы
Липецкая область;Грязи
Липецкая область;Чаплыгин
Липецкая область;Липецк
Липецкая область;Задонск
Липецкая область;Данков
Липецкая область;Елец
Липецкая область;Усмань
Липецкая область;Лебедянь
Магаданская область;Магадан
Магаданская область;Сусуман
Московская область;Жуковский
Московская область;Дубна
Московская область;Котельники
Московская область;Коломна
Московская область;Королев
Московская область;Рошаль
Московская область;Красноармейск
Московская область;Реутов
Московская область;Серпухов
Московская область;Лосино-Петровский
Московская область;Фрязино
Московская область;Дзержинский
Московская область;Домодедово
Московская область;Химки
Московская область;Лобня
Московская область;Лыткарино
Московская область;Краснознаменск
Московская область;Электросталь
Московская область;Бронницы
Московская область;Ивантеевка
Московская область;Пущино
Московская область;Долгопрудный
Московская область;Электрогорск
Московская область;Протвино
Московская область;Черноголовка
Московская область;Кашира
Московская область;Егорьевск
Московская область;Мытищи
Московская область;Зарайск
Московская область;Павловский Посад
Московская область;Луховицы
Московская область;Красногорск
Московская область;Шатура
Московская область;Ступино
Московская область;Можайск
Московская область;Балашиха
Московская область;Видное
Московская область;Люберцы
Московская область;Краснозаводск
Московская область;Чехов-8
Московская область;Чехов-3
Московская область;Чехов-2
Московская область;Дмитров
Московская область;Верея
Московская область;Пересвет
Московская область;Ликино-Дулёво
Московская область;Белоозёрский
Московская область;Высоковск
Московская область;Хотьково
Московская область;Солнечногорск
Московская область;Пушкино
Московская область;Руза
Московская область;Щёлково
Московская область;Озёры
Московская область;Чехов
Московская область;Талдом
Московская область;Сергиев Посад
Московская область;Яхрома
Московская область;Орехово-Зуево
Московская область;Подольск
Московская область;Одинцово
Московская область;Раменское
Московская область;Электроугли
Московская область;Старая Купавна
Московская область;Дедовск
Московская область;Дрезна
Московская область;Ногинск
Московская область;Истра
Московская область;Воскресенск
Московская область;Наро-Фоминск
Московская область;Кубинка
Московская область;Апрелевка
Московская область;Голицыно
Московская область;Клин
Московская область;Звенигород
Московская область;Куровское
Московская область;Волоколамск
Мурманская область;Оленегорск-1
Мурманская область;Оленегорск
Мурманская область;Оленегорск-2
Мурманская область;Заполярный
Мурманская область;Ковдор
Мурманская область;Кола
Мурманская область;Островной
Мурманская область;Апатиты
Мурманская область;Гаджиево
Мурманская область;Полярный
Мурманская область;Снежногорск
Мурманская область;Североморск
Мурманская область;Мончегорск
Мурманская область;Заозерск
Мурманская область;Мурманск
Мурманская область;Полярные Зори
Мурманская область;Кандалакша
Мурманская область;Кировск
Нижегородская область;Перевоз
Нижегородская область;Кулебаки
Нижегородская область;Нижний Новгород
Нижегородская область;Семенов
Нижегородская область;Дзержинск
Нижегородская область;Бор
Нижегородская область;Саров
Нижегородская область;Арзамас
Нижегородская область;Выкса
Нижегородская область;Первомайск
Нижегородская область;Шахунья
Нижегородская область;Балахна
Нижегородская область;Навашино
Нижегородская область;Богородск
Нижегородская область;Володарск
Нижегородская область;Ветлуга
Нижегородская область;Княгинино
Нижегородская область;Лукоянов
Нижегородская область;Горбатов
Нижегородская область;Павлово
Нижегородская область;Ворсма
Нижегородская область;Лысково
Нижегородская область;Кстово
Нижегородская область;Городец
Нижегородская область;Заволжье
Нижегородская область;Сергач
Нижегородская область;Урень
Нижегородская область;Чкаловск
Новгородская область;Холм
Новгородская область;Валдай
Новгородская область;Великий Новгород
Новгородская область;Боровичи
Новгородская область;Пестово
Новгородская область;Окуловка
Новгородская область;Сольцы
Новгородская область;Сольцы 2
Новгородская область;Старая Русса
Новгородская область;Чудово
Новгородская область;Малая Вишера
Новосибирская область;Черепаново
Новосибирская область;Куйбышев
Новосибирская область;Искитим
Новосибирская область;Татарск
Новосибирская область;Бердск
Новосибирская область;Барабинск
Новосибирская область;Новосибирск
Новосибирская область;Болотное
Новосибирская область;Каргат
Новосибирская область;Купино
Новосибирская область;Карасук
Новосибирская область;Чулым
Новосибирская область;Тогучин
Новосибирская область;Обь
Омская область;Тара
Омская область;Исилькуль
Омская область;Омск
Омская область;Калачинск
Омская область;Тюкалинск
Омская область;Называевск
Оренбургская область;Гай
Оренбургская область;Оренбург
Оренбургская область;Бузулук
Оренбургская область;Сорочинск
Оренбургская область;Орск
Оренбургская область;Кувандык
Оренбургская область;Новотроицк
Оренбургская область;Медногорск
Оренбургская область;Бугуруслан
Оренбургская область;Ясный
Оренбургская область;Соль-Илецк
Оренбургская область;Абдулино
Орловская область;Мценск
Орловская область;Ливны
Орловская область;Орёл
Орловская область;Дмитровск
Орловская область;Новосиль
Орловская область;Болхов
Орловская область;Малоархангельск
Пензенская область;Спасск
Пензенская область;Сурск
Пензенская область;Городище
Пензенская область;Белинский
Пензенская область;Каменка
Пензенская область;Пенза
Пензенская область;Заречный
Пензенская область;Кузнецк-8
Пензенская область;Кузнецк-12
Пензенская область;Никольск
Пензенская область;Нижний Ломов
Пензенская область;Сердобск
Пензенская область;Кузнецк
Пермский край;Чермоз
Пермский край;Гремячинск
Пермский край;Лысьва
Пермский край;Соликамск
Пермский край;Кизел
Пермский край;Пермь
Пермский край;Чайковский
Пермский край;Березники
Пермский край;Губаха
Пермский край;Кунгур
Пермский край;Краснокамск
Пермский край;Усолье
Пермский край;Горнозаводск
Пермский край;Оханск
Пермский край;Оса
Пермский край;Чердынь
Пермский край;Красновишерск
Пермский край;Очер
Пермский край;Кудымкар
Пермский край;Чернушка
Пермский край;Верещагино
Пермский край;Нытва
Пермский край;Александровск
Пермский край;Добрянка
Пермский край;Чусовой
Псковская область;Великие Луки
Псковская область;Псков
Псковская область;Новоржев
Псковская область;Дно
Псковская область;Невель
Псковская область;Гдов
Псковская область;Печоры
Псковская область;Себеж
Псковская область;Новосокольники
Псковская область;Остров
Псковская область;Пустошка
Псковская область;Опочка
Псковская область;Пыталово
Псковская область;Порхов
Ростовская область;Донецк
Ростовская область;Зверево
Ростовская область;Каменск-Шахтинский
Ростовская область;Новочеркасск
Ростовская область;Ростов-на-Дону
Ростовская область;Новошахтинск
Ростовская область;Азов
Ростовская область;Гуково
Ростовская область;Батайск
Ростовская область;Таганрог
Ростовская область;Аксай
Ростовская область;Белая Калитва
Ростовская область;Зерноград
Ростовская область;Морозовск
Ростовская область;Миллерово
Ростовская область;Шахты
Ростовская область;Красный Сулин
Ростовская область;Константиновск
Ростовская область;Сальск
Ростовская область;Пролетарск
Ростовская область;Семикаракорск
Ростовская область;Цимлянск
Ростовская область;Волгодонск
Рязанская область;Рыбное
Рязанская область;Спас-Клепики
Рязанская область;Ряжск
Рязанская область;Рязань
Рязанская область;Сасово
Рязанская область;Скопин
Рязанская область;Касимов
Рязанская область;Спасск-Рязанский
Рязанская область;Кораблино
Рязанская область;Новомичуринск
Рязанская область;Михайлов
Рязанская область;Шацк
Самарская область;Кинель
Самарская область;Самара
Самарская область;Тольятти
Самарская область;Чапаевск
Самарская область;Похвистнево
Самарская область;Новокуйбышевск
Самарская область;Октябрьск
Самарская область;Жигулевск
Самарская область;Отрадный
Самарская область;Сызрань
Самарская область;Нефтегорск
Саратовская область;Балаково
Саратовская область;Петровск
Саратовская область;Маркс
Саратовская область;Красноармейск
Саратовская область;Шиханы
Саратовская область;Ртищево
Саратовская область;Балашов
Саратовская область;Энгельс
Саратовская область;Пугачев
Саратовская область;Вольск
Саратовская область;Саратов
Саратовская область;Хвалынск
Саратовская область;Аткарск
Саратовская область;Аркадак
Саратовская область;Красный Кут
Саратовская область;Вольск-18
Саратовская область;Ершов
Саратовская область;Калининск
Саратовская область;Новоузенск
Сахалинская область;Анива
Сахалинская область;Макаров
Сахалинская область;Томари
Сахалинская область;Северо-Курильск
Сахалинская область;Долинск
Сахалинская область;Южно-Сахалинск
Сахалинская область;Курильск
Сахалинская область;Оха
Сахалинская область;Корсаков
Сахалинская область;Александровск-Сахалинский
Сахалинская область;Углегорск
Сахалинская область;Холмск
Сахалинская область;Поронайск
Сахалинская область;Невельск
Свердловская область;Заречный
Свердловская область;Среднеуральск
Свердловская область;Каменск-Уральский
Свердловская область;Березовский
Свердловская область;Кушва
Свердловская область;Кировград
Свердловская область;Екатеринбург
Свердловская область;Карпинск
Свердловская область;Ирбит
Свердловская область;Североуральск
Свердловская область;Верхняя Пышма
Свердловская область;Красноуфимск
Свердловская область;Нижний Тагил
Свердловская область;Полевской
Свердловская область;Нижняя Тура
Свердловская область;Верхний Тагил
Свердловская область;Асбест
Свердловская область;Лесной
Свердловская область;Ивдель
Свердловская область;Алапаевск
Свердловская область;Первоуральск
Свердловская область;Новоуральск
Свердловская область;Дегтярск
Свердловская область;Краснотурьинск
Свердловская область;Серов
Свердловская область;Красноуральск
Свердловская область;Камышлов
Свердловская область;Качканар
Свердловская область;Верхняя Тура
Свердловская область;Волчанск
Свердловская область;Нижние Серги
Свердловская область;Михайловск
Свердловская область;Новая Ляля
Свердловская область;Сысерть
Свердловская область;Арамиль
Свердловская область;Талица
Свердловская область;Верхотурье
Свердловская область;Туринск
Свердловская область;Нижняя Салда
Свердловская область;Верхняя Салда
Свердловская область;Артемовский
Свердловская область;Сухой Лог
Свердловская область;Нижние Серги-3
Свердловская область;Реж
Свердловская область;Ревда
Свердловская область;Богданович
Свердловская область;Тавда
Свердловская область;Невьянск
Смоленская область;Сафоново
Смоленская область;Рославль
Смоленская область;Рудня
Смоленская область;Починок
Смоленская область;Вязьма
Смоленская область;Велиж
Смоленская область;Духовщина
Смоленская область;Дорогобуж
Смоленская область;Десногорск
Смоленская область;Смоленск
Смоленская область;Ельня
Смоленская область;Гагарин
Смоленская область;Демидов
Смоленская область;Сычевка
Смоленская область;Ярцево
Тамбовская область;Уварово
Тамбовская область;Тамбов
Тамбовская область;Мичуринск
Тамбовская область;Моршанск
Тамбовская область;Рассказово
Тамбовская область;Кирсанов
Тамбовская область;Котовск
Тамбовская область;Жердевка
Тверская область;Нелидово
Тверская область;Ржев
Тверская область;Торжок
Тверская область;Кимры
Тверская область;Вышний Волочек
Тверская область;Тверь
Тверская область;Удомля
Тверская область;Осташков
Тверская область;Кашин
Тверская область;Зубцов
Тверская область;Бежецк
Тверская область;Калязин
Тверская область;Красный Холм
Тверская область;Старица
Тверская область;Западная Двина
Тверская область;Кувшиново
Тверская область;Лихославль
Тверская область;Бологое
Тверская область;Конаково
Тверская область;Торопец
Тверская область;Андреаполь
Тверская область;Весьегонск
Тверская область;Белый
Томская область;Томск
Томская область;Северск
Томская область;Стрежевой
Томская область;Колпашево
Томская область;Асино
Томская область;Кедровый
Тульская область;Богородицк
Тульская область;Узловая
Тульская область;Донской
Тульская область;Алексин
Тульская область;Ефремов
Тульская область;Тула
Тульская область;Венев
Тульская область;Липки
Тульская область;Киреевск
Тульская область;Болохово
Тульская область;Чекалин
Тульская область;Суворов
Тульская область;Советск
Тульская область;Щекино
Тульская область;Новомосковск
Тульская область;Плавск
Тульская область;Кимовск
Тульская область;Ясногорск
Тульская область;Белев
Тюменская область;Тобольск
Тюменская область;Ишим
Тюменская область;Заводоуковск
Тюменская область;Ялуторовск
Тюменская область;Тюмень
Ульяновская область;Новоульяновск
Ульяновская область;Димитровград
Ульяновская область;Барыш
Ульяновская область;Ульяновск
Ульяновская область;Инза
Ульяновская область;Сенгилей
Челябинская область;Златоуст
Челябинская область;Бакал
Челябинская область;Челябинск
Челябинская область;Карталы
Челябинская область;Магнитогорск
Челябинская область;Верхний Уфалей
Челябинская область;Озерск
Челябинская область;Усть-Катав
Челябинская область;Троицк
Челябинская область;Чебаркуль
Челябинская область;Нязепетровск
Челябинская область;Кыштым
Челябинская область;Карабаш
Челябинская область;Трехгорный-1
Челябинская область;Миасс
Челябинская область;Юрюзань
Челябинская область;Катав-Ивановск
Челябинская область;Аша
Челябинская область;Миньяр
Челябинская область;Сим
Челябинская область;Верхнеуральск
Челябинская область;Сатка
Челябинская область;Куса
Челябинская область;Южноуральск
Челябинская область;Трехгорный
Челябинская область;Снежинск
Челябинская область;Касли
Челябинская область;Копейск
Челябинская область;Еманжелинск
Челябинская область;Коркино
Челябинская область;Пласт
Забайкальский край;Шилка
Забайкальский край;Борзя
Забайкальский край;Петровск-Забайкальский
Забайкальский край;Балей
Забайкальский край;Хилок
Забайкальский край;Чита
Забайкальский край;Сретенск
Забайкальский край;Могоча
Забайкальский край;Нерчинск
Забайкальский край;Краснокаменск
Ярославская область;Ярославль
Ярославская область;Переславль-Залесский
Ярославская область;Гаврилов-Ям
Ярославская область;Любим
Ярославская область;Мышкин
Ярославская область;Данилов
Ярославская область;Рыбинск
Ярославская область;Тутаев
Ярославская область;Пошехонье
Ярославская область;Ростов
Ярославская область;Углич
Москва;Московский
Москва;Зеленоград
Москва;Щербинка
Москва;Троицк
Санкт-Петербург;Сестрорецк
Санкт-Петербург;Ломоносов
Санкт-Петербург;Павловск
Санкт-Петербург;Пушкин
Санкт-Петербург;Петергоф
Санкт-Петербург;Колпино
Санкт-Петербург;Красное Село
Санкт-Петербург;Кронштадт
Санкт-Петербург;Зеленогорск
Еврейская АО;Облучье
Еврейская АО;Биробиджан
Ненецкий АО;Нарьян-Мар
Ханты-Мансийский АО;Советский
Ханты-Мансийский АО;Лянтор
Ханты-Мансийский АО;Покачи
Ханты-Мансийский АО;Ханты-Мансийск
Ханты-Мансийский АО;Урай
Ханты-Мансийский АО;Белоярский
Ханты-Мансийский АО;Когалым
Ханты-Мансийский АО;Нефтеюганск
Ханты-Мансийский АО;Мегион
Ханты-Мансийский АО;Нижневартовск
Ханты-Мансийский АО;Сургут
Ханты-Мансийский АО;Лангепас
Ханты-Мансийский АО;Югорск
Ханты-Мансийский АО;Радужный
Ханты-Мансийский АО;Пыть-Ях
Ханты-Мансийский АО;Нягань
Чукотский АО;Певек
Чукотский АО;Билибино
Чукотский АО;Анадырь
Ямало-Ненецкий АО;Тарко-Сале
Ямало-Ненецкий АО;Надым
Ямало-Ненецкий АО;Лабытнанги
Ямало-Ненецкий АО;Муравленко
Ямало-Ненецкий АО;Салехард
Ямало-Ненецкий АО;Новый Уренгой
Ямало-Ненецкий АО;Губкинский
Ямало-Ненецкий АО;Ноябрьск
Крым;Старый Крым
Крым;Алупка
Крым;Алушта
Крым;Саки
Крым;Феодосия
Крым;Бахчисарай
Крым;Керчь
Крым;Армянск
Крым;Красноперекопск
Крым;Судак
Крым;Джанкой
Крым;Симферополь
Крым;Щелкино
Крым;Евпатория
Крым;Ялта
Крым;Белогорск
Москва;Москва
Санкт-Петербург;Санкт-Петербург
Севастополь;Севастополь